text,label,source,notes
"I did it for me. I liked it... I was good at it. And I was alive. I'm crying right now. Bravo Walt. It's really over.",reaction,r/breakingbad,finale discussion thread
"Jesse was free and happy. Walt died in a chemistry lab also happy. The family will get $10 million. Todd Lydia and the nazis are dead. Badger and Skinny Pete made some fat stacks. Jesse got to kill Todd himself. Walt made peace with his family. I really wasn't expecting to have so many warm feelings after the finale. I couldn't ask for anything more.",reaction,r/breakingbad,finale discussion thread
"10/10 Would watch entire series again.",reaction,r/breakingbad,finale discussion thread
"Watching Jesse choke the life from Todd gave me a murder boner.",reaction,r/breakingbad,finale discussion thread
"JUNIOR NEVER GOT HIS BREAKFAST THOUGH. WORST FINALE EVER.",reaction,r/breakingbad,finale discussion - clearly joking but pure reaction
"One word for the finale: Satisfying. No more no less. And I'm perfectly happy with that.",reaction,r/breakingbad,finale discussion thread
"stress level through the roof when walt was looking around elliott and gretchen's house",reaction,r/breakingbad,finale discussion thread
"JESSE LEFT WITH A SMILE ON HIS FACE THATS ALL I EVER WANTED",reaction,r/breakingbad,finale discussion thread
"May I see her? brb crying",reaction,r/breakingbad,finale discussion thread
"I thought he was going to cook 1 last batch",reaction,r/breakingbad,finale discussion thread
"I THOUGHT HE WAS GONNA COOK 1 LAST BATCH",reaction,r/breakingbad,finale discussion thread
"GUYS I'M FREAKING THE FUCK OUT",reaction,r/breakingbad,finale discussion thread
"I want to believe Badger and Skinny Pete used their money to film a live action version of Badger's Star Trek script. Then it would really be a happy ending",reaction,r/breakingbad,finale discussion - celebratory/emotional reaction
"This scene at Skylers house was so sad. The most honest farewell ive seen in years. Knowing Walt for years.. This felt so humble.",reaction,r/breakingbad,finale discussion thread
"The stuff Walt just said about him doing it for himself and liking it. I'm starting to understand now why Vince Gilligan and others have said this finale was unapologetic. Wow. I'm in awe.",reaction,r/breakingbad,finale discussion thread
"I think Jesse and Walt forgave each other as much as they possibly could. That head nod at the end said that everything was just over. Not ok not that they loved each other but that they understood that either one could have killed the other with due cause but would not. They were just done. I loved it.",reaction,r/breakingbad,edge case - has some reading of the scene but primarily expressing emotional satisfaction
"Walt died where he did the most of his living.",reaction,r/breakingbad,finale discussion - brief emotional observation
"Jesse just kept driving. Right into Need for Speed.",reaction,r/breakingbad,humorous reaction to finale
"I feel like I'm watching the Super Bowl now",reaction,r/breakingbad,live reaction during finale
"The sweet justice when Walt killed uncle Jack the same way he killed Hank. Right in the middle of a sentence.",reaction,r/breakingbad,reaction to specific scene
"When I saw this live my heart was pounding.",reaction,r/breakingbad,live reaction
"My friends and I were cheering from the sofa",reaction,r/breakingbad,reaction to Jesse killing Todd
"I literally screamed Get that mother fucker!",reaction,r/breakingbad,live reaction
"Loved Daemon's big troll moment. Yeah I'm not actually married or with child at all heres your egg back",reaction,r/HouseOfTheDragon,episode discussion - immediate reaction to a scene
"I dunno about the rest of you but I'm just having a great fucking time so far.",reaction,r/HouseOfTheDragon,episode discussion thread
"That bridge scene really tied the episode together.",reaction,r/HouseOfTheDragon,brief scene reaction
"Loved how Daemon's party slowly came out of the fog.",reaction,r/HouseOfTheDragon,brief scene reaction
"Man daemon's dragon sounds like a dolphin and I love it",reaction,r/HouseOfTheDragon,immediate reaction to dragon scene
"I can't watch the after episodes anymore because they infuriate me.",reaction,r/HouseOfTheDragon,emotional reaction to behind the scenes content
"This is infuriating me FOR SO MANY REASONS. I can't even begin. Jesus Christ!",reaction,r/HouseOfTheDragon,emotional reaction to writer interview
"I'm speechless. Alicent gave up her own wishes and happiness to marry old Viserys who proceeded to neglect her and her kids.",reaction,r/HouseOfTheDragon,emotional reaction to writer claims
"I am starting to feel bad for George.",reaction,r/HouseOfTheDragon,brief emotional reaction to season 2 writing
"I want to also point out that they completely got the end of the Arryk/Erryk fight wrong in the interview. I forget who was who at this point but they got them reversed when talking about it.",reaction,r/HouseOfTheDragon,reaction/complaint about interview - brief
"Whenever the creators of HOTD open their mouths to justify the story in interviews or behind-the-scenes footage it always makes them look like total buffoons who have an extremely warped view of their own story.",reaction,r/HouseOfTheDragon,edge case - expressive outrage more than structured argument
"God. Alicent really is the worst.",reaction,r/HouseOfTheDragon,brief emotional judgment
"But people are fighting me saying this show is written well",reaction,r/HouseOfTheDragon,emotional frustration post
"When Rhaenyra steps foot in Kings Landing to find Aegon is not there Alicent's head should be on a pike.",reaction,r/HouseOfTheDragon,emotional/hyperbolic reaction
"Loved when Daemon pulled up the sibling rule of only I can talk shit on my brother nobody else can",reaction,r/HouseOfTheDragon,reaction to character moment
"Seeing a 12 year old just regurgitate what her parents told her made Big V want to play with his model trains again",reaction,r/HouseOfTheDragon,humorous reaction to scene
"Fuck me when they said Corly's daughter was young I wasn't expecting watching Thomas the tank engine young.",reaction,r/HouseOfTheDragon,immediate shocked reaction to scene
"The conversation should've gone like: Rhaenyra: A son for a son... Alicent: You've already took my grandson. Then they become best friends again",reaction,r/HouseOfTheDragon,humorous/frustrated reaction to scene - parody format
"So I guess they just kind of forgot that Alicent got pimped out to a significantly older man had multiple kids with him and stood by his side while he was a walking rotting corpse.",reaction,r/HouseOfTheDragon,emotional outrage at writer comments
"Rhaenyra said son for a son! Can someone tell me what Aemond's reln with Alicent is? Because AFAIK he also is her son.",reaction,r/HouseOfTheDragon,confused/emotional reaction
"I can't watch the after episodes anymore because they infuriate me. like not one thing you're saying makes sense.",reaction,r/HouseOfTheDragon,emotional reaction
"Most people say they had a point where they saw Walt as the villain and started to dislike him but I never lost sympathy for him.",hot_take,r/breakingbad,unpopular opinion thread
"I never hated Skyler. She was annoying but I think she was just trying to keep herself and the kids safe and I can't blame her for that.",hot_take,r/breakingbad,unpopular opinion thread - bold position stated without much support
"Fly is a f****** good episode.",hot_take,r/breakingbad,unpopular opinion thread
"Better Call Saul is a better show. Largely due to the character development.",hot_take,r/breakingbad,unpopular opinion thread
"Hank finding the book from Gale in Walt's bathroom is probably the most stupidest even Ex Machina way of advancing the plot.",hot_take,r/breakingbad,unpopular opinion thread
"Significant plot change does not necessarily mean highest quality. Ozymandias is overrated.",hot_take,r/breakingbad,from ScreenRant article citing reddit thread
"The plane crash felt cheap. Several hundred deaths was a little much to throw on the pile so early and it felt so disconnected from the rest of the plot.",hot_take,r/breakingbad,unpopular opinion thread
"Gus's death just looks like The Walking Dead. Too outlandish.",hot_take,r/breakingbad,unpopular opinion thread
"Jane deserved to die. Gale deserved to die.",hot_take,r/breakingbad,unpopular opinion thread - pure assertion no reasoning
"Skyler was actually justified for pretty much everything she did most over hated character of all time",hot_take,r/breakingbad,stated boldly without full argument
"House of the Dragon doesn't quite live up to the hype established in Game of Thrones first season. It can be its own thing and still be enjoyable.",hot_take,r/HouseOfTheDragon,stated opinion without real support
"Miguel is known for spectacle over substance. The dragons and bloody fights are there but the actual story substance runs slow.",hot_take,r/HouseOfTheDragon,bold claim with minimal support
"The time jumps are terrible and it makes a lot of the drama seem forced and difficult to care about.",hot_take,r/HouseOfTheDragon,asserted without reasoning
"I don't care about any of these dragons. The bond between rider and dragon is barely explored.",hot_take,r/HouseOfTheDragon,bold opinion stated plainly
"Every new episode I hope for some shred of interesting dialog. House of the Dragon has none of that.",hot_take,r/HouseOfTheDragon,asserted without reasoning
"Once you get a reputation for breaking the rules that becomes your norm. The GoT tropes are completely worn out by now.",hot_take,r/HouseOfTheDragon,assertion with minimal support
"Criston Cole is a pitiful loser. His motivation makes no sense the way the show wrote it.",hot_take,r/HouseOfTheDragon,bold negative judgment without detailed reasoning
"Yes he's overhated. I also hate him so I don't care.",hot_take,r/HouseOfTheDragon,contradictory hot take stated flatly
"He's not great but I'm so bored of the incel crispy cole memes. I thought the whole selling point of this show was bad people doing war crimes and Criston gets absolutely no leeway in that respect.",hot_take,r/HouseOfTheDragon,position stated without full argument
"The incel thing is so cringey his lack of sex could not be any more voluntary. Incel has just become a catchall term for men someone doesn't like.",hot_take,r/HouseOfTheDragon,reactive position with minimal evidence
"This entire comment from him felt like another and Dany forgot about the iron fleet moment",hot_take,r/HouseOfTheDragon,comparison stated as obvious without full case
"I don't think he went there for peace it was so he could get credit for making the reoccurring blue meth. Whether its for his ego or for closure of the case by showing the blue meth stops with his death.",hot_take,r/breakingbad,short theory stated as fact without evidence
"In 1 move the King ruined his relationship with his daughter ruined her relationship with her best friend and took the most powerful house and sided it with Daemon",hot_take,r/HouseOfTheDragon,edge case - makes a specific observation but it's a blunt summary verdict not a developed argument
"Hank is simultaneously the best and worst cop ever. Piecing everything together except the Nobel price winning chemistry brother-in-law that suddenly received the big bucks counting cards with the initials W.W. at the same time the world's purest meth hits the market.",hot_take,r/breakingbad,ironic/humorous take on Hank - stated as observation
"The revelation that there's a massive dragon just out there SOMEWHERE is one of the single best Chekov's guns I've ever seen in television and I can't wait for it to go off.",hot_take,r/HouseOfTheDragon,bold superlative claim about a craft device - no developed argument
"Viserys will name him Master of Memes",hot_take,r/HouseOfTheDragon,jokey hot take about character
"Show Criston is probably one of my favourite characters because of how complex he is.",hot_take,r/HouseOfTheDragon,bold contrarian position stated without extensive support
"Alicent never sacrificed anything? ALICENT? Alicent Where is duty? Where is sacrifice? Hightower?!",hot_take,r/HouseOfTheDragon,outraged assertion - no argument developed
"S1 was so damn good reminded me of classic GoT",hot_take,r/HouseOfTheDragon,brief positive assertion with no reasoning
"The level of stupidity from these writers rivals the crap that was pulled with The Witcher. Same delusion and reinterpretation of a perfectly good story.",hot_take,r/HouseOfTheDragon,bold comparison stated without support
"Rhaenyra even got away with Laenor's fake-murder so she could marry Daemon. Rhaenyra got everything she ever wanted but the damn chair",hot_take,r/HouseOfTheDragon,stated as summary verdict without full argument
"Walt being heisenberg would be the most prevalent theory since season 1 and fans would be hella annoyed at 4+ full seasons of hank STILL not figuring it out",hot_take,r/breakingbad,speculative take stated as certain
"The first suspect would be the least blatant or the most unlikely for long time tv viewers.",hot_take,r/breakingbad,speculative opinion about hypothetical scenario
"I think about this with Death Note as well. What if the MC was L.",hot_take,r/breakingbad,brief speculative take - no argument
"What Walt did with the M60 was a great twist. When I saw it in the trunk I assumed it was going to be a Scarface shootout. I think the way he ended up using it was ridiculous bombastic and totally Breaking Bad.",hot_take,r/breakingbad,edge case - has a comparison but more opinion than analysis
"Walt just turned into Mike.",hot_take,r/breakingbad,brief character observation stated as fact
"If done correctly the reveal that Walt was heisenberg could have been the greatest twist in television history.",hot_take,r/breakingbad,speculative superlative claim
"I hate Illinois Nazis",hot_take,r/breakingbad,joke/reference - too short to be analysis
"Criston Cole is over reacter.",hot_take,r/HouseOfTheDragon,blunt character judgment
"Nobody said he was a cruel sadist but he's more commonly painted as a sexist loser. He's the definition of incel.",hot_take,r/HouseOfTheDragon,assertive character label without full argument
"Criston would've killed the Hound.",hot_take,r/HouseOfTheDragon,hypothetical opinion stated flatly
"He shagged a drunk teenager decided the best way to fix the dishonour was to officially break his vow and was furious when she understandably didn't want to. And then he turned into a bitter hateful prick that bullies her children to make up for it.",hot_take,r/HouseOfTheDragon,character summary stated as verdict without full analysis
"The Albuquerque police are pretty shitty at watching anything.",hot_take,r/breakingbad,brief humorous judgment
"That's where the big swing and a miss was. Couple hundred thousand in cancer treatments with shitty public school health insurance and can't afford a water heater. But suddenly he has a half million dollars in a car wash and new chargers and challengers in the driveway. But he noticed the spring height on an RV from an ATM picture. Can't see the forest past the trees.",hot_take,r/breakingbad,edge case - lists specific plot points but conclusion is just ridicule not a structured argument
"I honestly believe that if the gender were reversed no one would have a problem pointing out the power imbalance and the questionable nature of Rhaenyra's behavior. It's a shame because it could have been another way to explore how sexual abuse doesn't always rely on physical coercion.",hot_take,r/HouseOfTheDragon,edge case - makes a point but it's asserted rather than argued through
"What I'm learning is you just never want to be the king at the start of any movie or TV show. Things tend to not go well for whoever is that first king",hot_take,r/HouseOfTheDragon,generalizing hot take with no evidence
"Rhaenyra is about to go full Regina George after her best friend moves up the social ladder",hot_take,r/HouseOfTheDragon,pop culture comparison stated as take
"Honestly if that was the only change where we ONLY see the scenes with Hank the story would probably be pretty bad until the last like 5 episodes",hot_take,r/breakingbad,speculative opinion about hypothetical stated without argument
"Walt is wearing the clothes he wore in the first episode and the Heisenberg jacket over it.",hot_take,r/breakingbad,edge case - an observation not an opinion - too brief to be analysis
"I think it would be cool to see a miniseries of the ABQ-DEA finding out the market is being saturated with blue meth and attempting to find who is behind it.",hot_take,r/breakingbad,wish/preference stated - not a claim about the show's quality
"Criston Cole is a Dornish I mean",hot_take,r/HouseOfTheDragon,jokey one-liner
"He's not even as bad as Otto or Larys at all or Aegon. I'm a little shocked he gets that level of hate.",hot_take,r/HouseOfTheDragon,comparative judgment stated without detailed argument
"I liked Criston at first but he completely sucks now.",hot_take,r/HouseOfTheDragon,brief opinion stated flatly
"Daemon calling his wife a bronze bitch then killing her as well as him killing the servant never gets the hate like Cole's actions do. I dislike them both but the way people simp for daemon as this amazing man in comparison feels odd.",hot_take,r/HouseOfTheDragon,comparative take stated without sustained argument
"The hating of Criston is because he's the guy who knows Rhaenyra's nature and judges her for it. Rhaenyra fans have to lash back at him.",hot_take,r/HouseOfTheDragon,assertive theory about fandom behavior
"Criston Cole is an absolutely horrendous person but Jesus Christ the way you are all acting as though Rhaenyra did nothing wrong is weird.",hot_take,r/HouseOfTheDragon,two-sided judgment stated without full argument
"He's a cry baby bitch",hot_take,r/HouseOfTheDragon,blunt verdict no reasoning
"I don't think she went there for peace - it was so he could get credit for making the blue meth all the way to death since he was found dead at a meth lab. I'm blown away.",reaction,r/breakingbad,brief theory stated in moment of excitement - labeled reaction because of the blown away emotional register
"wmf9797: One thing I noticed...Jesse was called out to meet Walt in the middle of a cook. As Walt died he tapped the needle but didn't change anything showing Walt that Jesse had finally applied himself.",analysis,r/breakingbad,specific detail observed with clear thematic meaning explained
"Walt is wearing the clothes he wore in the first episode and the Heisenberg jacket over it. It's a callback to the pilot.",analysis,r/breakingbad,edge case - brief but identifies a specific craft choice with symbolic meaning. Labeled analysis over hot_take because it identifies evidence rather than making a claim
"I guess Walt's death was similar to Mike's as well. Both got shot and walked to something peaceful/pleasant to them. Dying on their own terms.",analysis,r/breakingbad,identifies structural parallel between two deaths - specific and observational
"The reflection in the microwave while they're showing her from behind just after revealing that Walt is there was priceless. And apparently an accident!",analysis,r/breakingbad,identifies specific cinematographic detail - brief but evidence-based
"Camera work on this show always impresses me. This shot of Walt and Elliot/Gretchen is no exception.",analysis,r/breakingbad,edge case - too brief to be full analysis but references craft intentionally
"Killing Jack like Jack killed Hank. So good.",analysis,r/breakingbad,edge case - identifies structural callback but no developed argument. Labeled analysis because it points to a craft pattern not just expresses feeling
"Its insane how fast you can go from rooting against someone to rooting for them in this series. I want to see nothing more but walt accomplish everything he is planning",analysis,r/breakingbad,edge case - identifies a craft achievement in the show's manipulation of audience sympathy
"The family dynamic and Hank thinking Walt is a coward - that's the biggest part of why Hank missed it. We see Walt devolve into Heisenberg over time but as far as Hank is concerned Walt is the same guy he was in episode 1 all the way until Hank finds the W.W. book",analysis,r/breakingbad,identifies specific character psychology as explanation - structured reasoning
"The biggest mistake the DEA made was sending the brother-in-law of the science teacher to investigate the equipment found at the site of a meth cook. A cop who didn't know Walt would've rightfully looked at him as a suspect especially when his cancer diagnosis became known.",analysis,r/breakingbad,counterfactual argument about narrative structure - specific and reasoned
"Walt's saving grace was one constant badguy after another that fit the bill and covered his butt.",analysis,r/breakingbad,structural observation about how the plot protects the protagonist - specific reading of narrative mechanics
"The fact that Hank knows Walt so well is what throws him off the scent. He doesn't see him as even slightly capable of all the bad things Heisenberg did. If Hank didn't know Walt he'd have caught him much sooner.",analysis,r/breakingbad,clear causal argument about character and plot - well reasoned
"Hank thought way too hard to come to the conclusion it was Walt. Walt was throwing out hints the whole time - the interest/questions during the ride along the duffle bag during the move suggesting Heisenberg was still out there.",analysis,r/breakingbad,lists specific evidence from the show to support an argument about Hank's investigative blind spot
"The cinematography especially for the Dragonstone sequence was fantastic",analysis,r/HouseOfTheDragon,edge case - brief but references a specific craft element with intent. Labeled analysis (weak)
"I think Rhaenyra's entrance by riding Syrax just beneath the clouds was awesome. It reminded me of those videos where you see the water ripples when a killer shark seems fast at the surface. Except this one was in the sky.",analysis,r/HouseOfTheDragon,specific visual comparison explaining why a shot works - craft-aware observation
"Daemon really comes off as like a child who wants attention from his older brother. Like everything he does is a cry for Viserys attention. I love including him telling Corlys that he can't talk shit about Viserys because it's his older brother and he loves him",analysis,r/HouseOfTheDragon,character psychology reading backed by specific scene evidence
"The scene on the bridge leading into Dragonstone was incredible. The way Rhaenyra's dragon appeared in the clouds established the power balance before anyone spoke.",analysis,r/HouseOfTheDragon,explains why a specific scene works in terms of craft and storytelling function
"I thought Rhaenyra's entrance by riding Syrax exudes vibes of a certain bad-ass Daenerys which I thought was superb. And she didn't level an entire city so bonus points for that.",analysis,r/HouseOfTheDragon,cross-series comparison with thematic/character reasoning
"What Criston Cole's arc actually illustrates is how honor culture destroys people who can't maintain it. His turn from Rhaenyra's protector to her most vicious enemy follows the same logic as Jaime Lannister's arc in GoT but without the redemption — he doubles down on cruelty because acknowledging his failure would mean acknowledging he has none of the virtue he built his identity around.",analysis,r/HouseOfTheDragon,extended thematic reading with cross-series comparison - textbook analysis
"He is one of the Realms most capable warriors. Crucially he is taken advantage of by a superior who uses him for sexual gratification. Cole clearly feels conflicted about the concept of his tarnished honor and in his eyes fails to reclaim it making him a bitter and violent man. Something most viewers seem to have missed is that the writers state his internal conflict as a literal fear of castration. Ultimately what seems to drive his character is the unconscious and correct assessment that the society he inhabits is royally screwed up.",analysis,r/HouseOfTheDragon,extended character analysis with specific textual evidence and psychological reading
"Criston Cole is probably a good character concept because he's the only lowborn main character. He was a commoner trained to fight not to live among nobles. He wasn't raised for scheming and politicking so he is obviously lost. The person who chose him for that job also put him in constant mortal danger just because she was horny.",analysis,r/HouseOfTheDragon,character context argument grounded in social structure of the world
"The reason why Hank's POV would make Walt more obvious is we'd get to see Skyler's angry rant to Hank about being pregnant having a kid already with cerebral palsy no money a husband with cancer who WANDERS OFF all the time. Some viewers would have definitely suspected Walt.",analysis,r/breakingbad,counterfactual argument with specific scene references as evidence
"If you take into account the 16 years Hank knew Walt as a timid milquetoast nobody of a brother-in-law who wouldn't bother a fly and registered zero criminal aptitude in every interaction he had with him during that time period - Hank is a stereotypical cop who struggles to replace swift first-impression judgments on a person's character.",analysis,r/breakingbad,explains Hank's failure through character psychology and social dynamics - well reasoned
"This is a shame because it could have been another way to explore how sexual abuse doesn't always rely on physical coercion. But the scene is more interesting than people give it credit for. Cole made a genuine effort to protect Rhaenyra and knew he could never act on it because of his vow and his low-born status.",analysis,r/HouseOfTheDragon,identifies a thematic angle the show could have developed - craft analysis of missed opportunity
"Alicent's whole arc is about sacrifice she gives up everything for duty and she envies Rhaenyra who is more free. The writers completely misunderstand their own characters.",analysis,r/HouseOfTheDragon,identifies character arc and uses it to critique writing - structured argument
"It's deeply frustrating because it can work if you don't explain it. Alicent thinks she's doomed. Aegon is basically as good as dead in her mind and Aemond is on a rampage. Daemon has built his army and Rhaenyra now has a shit ton of dragons. Kings Landing is going to fall and she needs to do anything to plan for their survival. As a cold calculating tragic move to try and escape with their hides that's fine. But trying to spin it as the power of friendship is a shit explanation.",analysis,r/HouseOfTheDragon,defends a scene's internal logic while criticizing how the writers framed it - structured multi-step argument
"Season 1 doesn't exist in the writers' minds. Everything they wrote in S1 got completely erased in S2. After S1 this sub was so excited because all the build up was done and things would escalate quickly. 8 episodes later barely anything happened.",analysis,r/HouseOfTheDragon,cross-season structural critique with specific claim about narrative progression
"I understand why people are outraged by Alicent willingly sacrificing two of her children but I don't agree with the implication people are making that this was an easy or careless decision on her part. She realized when Aemond was violently pressuring Helaena to enter combat that she could either lose two of her children by surrendering to Rhaenyra right now or lose all of them to the war eventually.",analysis,r/HouseOfTheDragon,defends character choice through internal logic and cause-effect reasoning
"This scene makes far more sense on its own than this explanation from the writers does. It makes way more sense if you come at it from the angle that Aemond has put Alicent in a position where she believes she has to choose between her older two sons or her daughter's life. She's realized Aemond doesn't give a shit about anyone but himself. After seeing how badly both her sons have fucked everything up she's finally ready to prioritize her daughter and grandkids.",analysis,r/HouseOfTheDragon,character psychology argument supported by specific plot details - structured defense of a scene
"What is more insane is the line that says Alicent has not sacrificed anything in her life. This is factually wrong. Alicent is not only sacrificing one of her sons by doing this. In the show Alicent has never been shown to really WANT her family to have the throne - her relation to it was always defensive rather than offensive.",analysis,r/HouseOfTheDragon,uses specific show evidence to counter writer claims about character - argumentative and evidence-based
"No offense but the foreshadowing of that conflict isn't exactly subtle. Alicent agrees to give up Aegon and then they cut to Aegon escaping then Alicent walking out of the meeting. If your first thought isn't oh damn Rhaenyra is totally going to think Alicent had something to do with that that's on you not the writers.",analysis,r/HouseOfTheDragon,defends a directorial choice by walking through the editing and what it communicates
"The story would probably be pretty bad from Hank's POV until the last like 5 episodes because the interesting part of Breaking Bad is the information gap between what Hank knows and what the audience knows. Hank's POV is only interesting because we know what he doesn't know.",analysis,r/breakingbad,explains why the show's POV structure matters - uses dramatic irony as a craft concept
"Viserys really fucked up like 5 times in a row this episode. In 1 move the King ruined his relationship with his daughter ruined her relationship with her best friend and took the most powerful house and sided it with Daemon. The show is demonstrating the massive consequences of using your heart instead of your head as per the results of Robb Stark's decisions we've already seen.",analysis,r/HouseOfTheDragon,cross-series comparison used to explain a character's thematic function - structured reading
"The thing is I don't necessarily see this deal happening somehow as all that bad. But just about everything surrounding this plot point is absolutely fucking wild. If writers have to explain the stuff they wrote then they shouldn't be writers. It's like the TV equivalent of modern video games releasing an unfinished product and patching it after the fact.",analysis,r/HouseOfTheDragon,meta-critique of the writing process using a specific structural argument
"Mess and Condal seriously decided that Alicent a mother who however flawed fiercely loves her children should agree to help her sworn enemy kill her children. And what does she think will happen to her son Darron brother Gwyane and father Otto? Did Alicent kinda forget Rhaenyra's king consort is a violent warmonger whose already murdered her 4 year old grandson and hates Otto?",analysis,r/HouseOfTheDragon,lists specific plot contradictions to argue a character decision doesn't track - evidence-based critique
"Criston Cole in the show is a combination of traits I haven't really seen on TV. Except for Mysaria he is one of the very few characters who wasn't born into high nobility being literally the only one who managed to climb the social ladder from commoner to knight. He is taken advantage of by a superior who uses him for sexual gratification. This has a major effect on the future of the Seven Kingdoms as he projects his hate of Rhaenyra onto her children favoring Alicents sons.",analysis,r/HouseOfTheDragon,extended structural character analysis placing Cole in context of the world's class system
"The way Criston Cole's change happened so quickly from Joffrey's murder to the next episode is a bit weird. I guess it's implied that Alicent is protecting him from consequences. Violence and fights to the death seem to be an accepted part of the world - like that kid that murders the older boy in front of everyone on Rhaenyra's find a husband tour.",analysis,r/HouseOfTheDragon,explains narrative gap through world-building logic - specific evidence used
"What actually happened is Criston and Rhaenyra's relationship twists the spurned-lover trope. The woman held more power in their relationship than the man. The writers state his internal conflict as a literal fear of castration. Ultimately what drives his character is the unconscious assessment that the society he inhabits is royally screwed up - fetishizing him for martial skills and looks but looking down on him for his low birth.",analysis,r/HouseOfTheDragon,gender-role inversion argument backed by specific show evidence and psychological reading
"This is the fucking darkest episode of this show to date.",reaction,r/breakingbad,Ozymandias live discussion - pure emotional reaction
"HOLY FUCK WALT. HE FINALLY TOLD HIM.",reaction,r/breakingbad,Ozymandias live discussion - caps lock live reaction
"20 minutes in and this episode is already the biggest payoff ever",reaction,r/breakingbad,Ozymandias live discussion - live reaction
"I watched Jane die. The final fuck you.",reaction,r/breakingbad,Ozymandias discussion - reaction to a specific line
"Marie is definitely not having an A1 day.",reaction,r/breakingbad,Ozymandias discussion - humorous reaction
"That whole phone call was to keep the heat off Skyler. Damn. It looked like she realized it but Junior won't. Damn",reaction,r/breakingbad,Ozymandias discussion - realtime emotional reaction
"Her face when she found out though...",reaction,r/breakingbad,Ozymandias discussion - brief emotional reaction to scene
"All their faces. I was almost rolling on the floor in a fetal position for that scene. Just constant anguish.",reaction,r/breakingbad,Ozymandias discussion - visceral physical reaction described
"grisly seeing the bodies of characters you've followed through a whole series just being unceremoniously dragged through the dirt and dumped into a grave.",reaction,r/breakingbad,Ozymandias discussion - emotional reaction to specific scene
"I went from hating him (spitting at walt and backstabbing) to feeling so sorry for him in just an episode. Bravo Vince.",reaction,r/breakingbad,Ozymandias discussion - emotional reversal reaction
"Jesse's kind of in purgatory now.",reaction,r/breakingbad,brief emotional observation about character state
"I feel like this episode was toeing the line of being too dark. I felt fucked up watching all of that shit go down.",reaction,r/breakingbad,Ozymandias discussion - emotional reaction to episode tone
"Did anyone else think that Jr. was gonna fall onto the knife when it was held straight up?",reaction,r/breakingbad,Ozymandias discussion - anxious live reaction to scene
"I was seriously expecting him to walk in on that conversation see Marie there and be like shrug",reaction,r/breakingbad,Ozymandias discussion - anxious/humorous live reaction
"Hank is booking Walt as we speak and I for one cannot be happier. - Marie before her world shatters.",reaction,r/breakingbad,Ozymandias discussion - quoting then reacting to dramatic irony
"Damn that is some dark dark dark shit. Vince Gilligan is a genius.",reaction,r/breakingbad,Ozymandias discussion - reaction to Jesse's situation
"No one really wins this scenario poor Jesse man. Down in that dungeon broken physically and mentally. Then he sees a picture of the only things he really cares about he will cook in servitude for the safety of Andrea and Brock.",reaction,r/breakingbad,Ozymandias discussion - emotional reaction to Jesse's fate
"I don't think it will last long. Jesse will probably escape.",reaction,r/breakingbad,Ozymandias discussion - anxious prediction during live watch
"Kudos to RJ Mitte for this scene.",reaction,r/breakingbad,Ozymandias discussion - brief appreciative reaction to an actor
"What irks me the most is Daemon in Harrenhal. It just doesn't further the plot nor do we see any significant character development. It's just been hours of Daemon going slightly crazy.",hot_take,r/HouseOfTheDragon,season 2 discussion - brief critical assertion without full argument
"Emma DArcy is sooo bad. Give me Millie any day",hot_take,r/HouseOfTheDragon,blunt casting opinion with no argument
"In what world would a queen go meet her rivals' mother in enemy territory after her consort had her grandson brutally murdered? If Alicent wasn't also braindead Rhaenyra would've been captured and kept as a hostage.",hot_take,r/HouseOfTheDragon,logic complaint stated as obvious without building a full argument
"I thought it was shocking how different the opening was compared to what I expected.",reaction,r/breakingbad,Ozymandias discussion - surprise reaction
"I'll let you keep $10 million of your own money if you let me take the remaining 70 and kill your brother in law.",reaction,r/breakingbad,Ozymandias discussion - paraphrasing a scene to express its darkly comic horror
"Todd is like the type of guy that would make sure you feel comfortable before killing you.",analysis,r/breakingbad,identifies a specific character trait and explains what makes it distinctive and disturbing
"Todd not only respects Walt but admires him. It started with the methylamine heist. Todd saw how ingenious Walt is and the fact that he was bragging about it to his uncles shows the degree of admiration Todd has.",analysis,r/breakingbad,traces character motivation across multiple specific scenes - evidence-based reading
"He's no longer King. Jack let him live and was gracious enough to let him keep a few million. Walt is no longer calling the shots. The whole dynamic has completely flipped.",analysis,r/breakingbad,identifies a structural power shift in the narrative with specific evidence
"You'll notice that Jack ignored Walt's request to not kill Hank because he's family. But then decided not to kill Walt because his nephew wouldn't ever forgive him. He didn't care about Walt's family but cared about his own. That hypocrisy is the point.",analysis,r/breakingbad,identifies a character's double standard and explains its thematic significance
"Todd definitely reminds me of Lenny from Of Mice and Men - a seemingly slow good-hearted killer who doesn't know he's really doing anything morally wrong.",analysis,r/breakingbad,literary comparison explaining a character's psychological makeup
"Jesse died in the desert. He's in hell. Todd locks him in and his past comes to torture him. And because he still holds out hope that his family is safe he cannot refuse. He'll be worked for the rest of his short life.",analysis,r/breakingbad,reads Jesse's situation as symbolic damnation - specific and sustained thematic reading
"I loved how she walked into the carwash so confident and even smug not knowing that her husband had just been killed. The writers are so good at using what the audience knows against what the characters know.",analysis,r/breakingbad,identifies dramatic irony as a specific craft technique and explains how this scene uses it
"Walt did try to bargain for Hank's life. That part is important - he's not indifferent to Hank's death it was that he had no real leverage anymore. The power dynamic had already shifted before that conversation.",analysis,r/breakingbad,defends a character reading with specific plot reasoning
"The opening cold scene was a huge amount of foreshadowing in reference to the slave thing. The way it plays out looks completely different the second time through when you know what happens to Jesse.",analysis,r/breakingbad,explains how the episode's structure uses foreshadowing - specific craft observation
"I think that's what makes Todd such a memorable character. Your average psycho would show Jesse the picture punch him and say cook or else. There's just something 100x creepier the way Todd just doesn't even acknowledge it.",analysis,r/breakingbad,compares Todd to a hypothetical generic villain to isolate what makes his characterization distinctive
"While I in principle agree Rhaenyra meeting Alicent was added so that we can see that Alicent has realized she made a terrible mistake. It was for her character's sake. It was sloppy but I can get behind it.",analysis,r/HouseOfTheDragon,defends a criticized scene by identifying its narrative function even while acknowledging its weakness
"Rhaenyra knew how to apply to Alicent's emotions since her primary driving factor is her emotions. The blacks and greens aren't two completely stranger families like the Starks and Lannisters - they are two factions among one family who have known each other for years. That context makes the meeting less implausible.",analysis,r/HouseOfTheDragon,uses character psychology and world context to defend a plot point - evidence-based counter-argument
"Season 2 feels like an inflation version of Season 1 with major budget cuts. They barely provide context for important things but give us stupid scenes we could do without. The character portrayals have regressed too.",hot_take,r/HouseOfTheDragon,multi-part negative verdict stated without detailed evidence
"I feel like the necklace scene went over the heads of lots of people. The reason she didn't offer her own life was because she heard Blood tell Cheese that they would not get paid if they didn't get the head of a son. Given what she heard it would not make sense for her to offer her own life when it has zero value to these assassins who are here to get paid.",analysis,r/HouseOfTheDragon,Blood and Cheese megathread - close reading of scene logic to defend character choice
"The big problem is that we don't spend enough time with Helena to understand her so her reactions as a neurodivergent person seem surprising because they are not typical. As if she's reliving the moment and trying her best not to play along but it almost seems like she's having an out-of-body experience disassociating from it. Had we gotten more character moments I think it would've solved this issue.",analysis,r/HouseOfTheDragon,Blood and Cheese megathread - identifies root cause of scene's weakness in character establishment
"I thought Helaena's reaction was even more heartbreaking with her being neurodivergent because it adds that extra layer of vulnerability. Healthcare workers who regularly break bad news say that Helaena's reaction was actually very realistic for how some people react. I like that this isn't a standard portrayal of grief. It's more nuanced and disturbing in its own way.",analysis,r/HouseOfTheDragon,Blood and Cheese megathread - defends scene choice using real-world parallel and character consistency
"This scene is indicative of a weird choice for the overall writing direction for the show. It seems like Condal is making too many things in the Dance come from miscommunication and happenstance. But that softens our feelings toward the purposeful actions of characters. GOT made us hate iconic characters because they revealed the underbelly of human nature - our own cruelty malice greed. We loved to hate characters like Joffrey because the choices that little prick made were very intentional and awful.",analysis,r/HouseOfTheDragon,Blood and Cheese megathread - identifies a systematic writing tendency and traces its effect on audience emotional response
"The plan wasn't an accident but B&C stumbling upon the twins while searching for Aemond was as well as guessing which child to kill rather than cruelly forcing Helaena to choose then killing the other. Don't get me wrong the whole thing was evil but the intentionality of Daemon's plan and how it plays out in the books is another level of malice. It's a subtle difference but one that matters.",analysis,r/HouseOfTheDragon,Blood and Cheese megathread - book/show comparison focused on how intent vs accident changes moral weight
"I believe Helaena stumbling upon Alicent and Criston after the murder of her son is to bring attention to Alicent. She had said at the beginning of the episode that they cannot do that again so she obviously knows it's wrong. The fact that she had the lord commander there with her instead of at his post could have been fundamental to preventing the murder of Jaehaerys. You can even see her change directions from one side of the bed where Alicent and Criston are to the other where she ultimately sits on the floor.",analysis,r/HouseOfTheDragon,Blood and Cheese megathread - reads a staging/blocking detail to argue for intentional thematic meaning in the Alicole scene
"Having B&C in episode one was a very poor choice. S1 ended on an absolutely heartbreaking scene of a kid being murdered. Then S2 starts with another scene of another kid being murdered and it just lessens the impact. Ideally episode 1 would reintroduce us to the characters and linger more on Helaena. Show them dragon-proofing the city show all the efforts they make to protect the castle from war only for B&C to sneak in because the guards were too occupied protecting against dragons.",analysis,r/HouseOfTheDragon,Blood and Cheese megathread - structural critique about episode ordering and its effect on emotional impact
"I was underwhelmed not because it didn't match the book but because it lacked real vision. First we are following Blood and Cheese throughout their entire break-in which removes dramatic tension. This could have worked if they played up the slapstick aspects of their characters and got us to like them somewhat - then there would be a dramatic tonal shift during the assassination. Instead we follow two bland assassins all the way into the bedroom with no issues at all.",analysis,r/HouseOfTheDragon,Blood and Cheese megathread - identifies specific directorial choice (POV following assassins) as source of tension failure
"The assassination feels unrealistic. We're supposed to see B&C as idiots bumbling to the target but then we're supposed to think the royal family are idiots because they have no guards. The scene is a victim of boardroom style writing of modern TV - having to deal with arbitrary character decisions made by previous writers and trying to fit that into a story dictated by a book that the show has strayed from. In the books the scene has a purpose - to show the ugly face of the Blacks which fully instigates the war. Here that purpose is watered down.",analysis,r/HouseOfTheDragon,Blood and Cheese megathread - identifies internal consistency problem AND connects it to the scene's narrative function in both versions
"I didn't hate it. Saban's Helaena has never been portrayed as the type of person to have big emotional displays. It was also heavily implied she experienced a vision of the event ahead of time with the I'm afraid of the rats line so the quiet horror and disassociation fits with that. People say it should have been on par with the Red Wedding but Helaena and her kids are side characters. They're hardly on the same level as Catelyn and Robb.",analysis,r/HouseOfTheDragon,Blood and Cheese megathread - defends scene by connecting character's established behavior to her reaction AND uses cross-show comparison to calibrate expectations
"The book version of B&C is way better. One big issue is there was no suspense. They ask Helaena to tell them who the son is and she immediately does it with zero hesitation. She should have refused and pleaded for them to kill her instead. Then they should have threatened to kill them both unless she told them. After that she should have reluctantly told them. Helaena in the show comes across as not even trying to protect her child's life.",analysis,r/HouseOfTheDragon,Blood and Cheese megathread - scene-by-scene comparison identifying specific missing dramatic beats
"They made too many changes at once. Individually some of those changes may have worked - Alicent outside with Cole only 2 kids being there Helaena being detached. Like 1 or 2 changes would have been fine. But the entire thing all at once was too much for such an anticipated scene. Those choices also fall apart because there are too many inconsistencies - they sneak in but the doors are wide open when they get there.",analysis,r/HouseOfTheDragon,Blood and Cheese megathread - argues that cumulative effect of changes is the problem even if individual changes might work - specific structural critique
"What angers me the most is not the changes to the scene itself but the motive behind it. When deviating from the books they portray the Blacks as incapable of being responsible for such sheer horror while simultaneously making Alicent a complete hypocrite by showing her having sex with Criston thus stripping away any sympathy we had for her. In the books Daemon never sent the ratcatcher after Aemond. He specifically sent them to kill the little child - a cold-hearted act of vengeance that the show refused to show.",analysis,r/HouseOfTheDragon,Blood and Cheese megathread - argues the changes reveal a systematic bias in how the show portrays the two factions
"For truly good writing getting the details spoiled shouldn't matter if it was executed well - and for me this time it did matter. Phia did a great job with what she was given and the sawing sounds were truly haunting. But almost every change works together to undermine the impact of the scene. Individually the changes are somewhat interesting but as a whole they appear to undermine each other.",analysis,r/HouseOfTheDragon,Blood and Cheese megathread - uses the test of whether spoilers ruin a scene as a measure of execution quality - sophisticated craft argument
"In the show the assassins themselves changing their target from Aemond to Aegon's kids felt jarring because in the books Daemon never sent them after such a skilled warrior like Aemond. He specifically sent them to kill the little child. The show version makes it seem accidental rather than the cold deliberate cruelty that it was in the books. That deliberateness is what makes Daemon genuinely monstrous in this moment.",analysis,r/HouseOfTheDragon,Blood and Cheese megathread - book/show comparison centered on intentionality and its effect on character moral weight
"Olivia Cooke worked so hard to make Alicent a multidimensional character. Having her having sex with Cole instead of witnessing her grandson's murder means we lose the moment that shapes Helaena and Alicent's characters for the rest of the story. Not only do fans feel no sympathy for a woman losing her grandson they are able to rationalize it was her fault since she was sleeping with a royal bodyguard. What should have been a defining moment for the character is at best a joke and at worst an excuse for Daemon.",analysis,r/HouseOfTheDragon,Blood and Cheese megathread - argues a specific casting/writing decision has downstream effects on audience sympathy and character arc
"Blood and Cheese shouldn't be about what Alicent did wrong or what Criston did wrong. It should be about what Daemon did wrong. Its original narrative purpose is to establish the Blacks as not necessarily the good side of the dispute. The fact that the writers undercut a scene that should have been focused on Helaena's reaction to her young child being murdered to go wow Alicent and Criston sure are irresponsible hypocrites is wild.",analysis,r/HouseOfTheDragon,Blood and Cheese megathread - identifies the scene's original narrative function and argues the changes betray it
"The Sophie's choice as adapted onto screen was not the same and didn't make sense. Cheese himself said they can look for a cock to identify the boy themselves. They only asked the mother to make it quick. So there was no element of Helaena having to actively choose which of her sons was murdered and then seeing the other one get killed - a choice that hugely lowered the emotional intensity.",analysis,r/HouseOfTheDragon,Blood and Cheese megathread - close reading of the scene's internal logic to explain why the adapted version of the choice doesn't work
"I liked the B&C scene but I would have wished to still see Helaena beg for them to take her life instead and eventually have to choose between the twins. It would have been so much more impactful if they made her choose Jaehaera as the heir and B&C still kill Jaehaerys instead. The CHOICE is what drives her to madness. I wish they kept the iconic line from the scene where they tell the kid how their momma chose him to die while instantly killing the other one.",analysis,r/HouseOfTheDragon,Blood and Cheese megathread - proposes specific alternative adaptation choice and explains why it would work better thematically
"The Lord Commander of the King's Guard sworn to protect the royal family is caught in the dowager-Queen's quarters on the night the queen is held at knife point and the heir to the throne is brutally murdered. And what's the fallout? Guess we'll give him a promotion. This guy's fucking capacity to fail upwards is astonishing.",analysis,r/HouseOfTheDragon,Blood and Cheese megathread - uses specific sequence of events to make an argument about consequenceless writing - structured critique
"Helaena is a child herself she wanted to sneak into her mom's bed she was horrified and scared but she saw that mom was busy. You can even see her change directions from one side of the bed to the other where she ultimately sits on the floor. All of this underlines that Alicent's hypocrisy and egoism has damaged her daughter's life irreversibly and has taken the actual life of her grandson.",analysis,r/HouseOfTheDragon,Blood and Cheese megathread - reads specific blocking choices as intentional commentary on Alicent's character arc
"I don't know about that... Todd's motivation in all this is just to please Lydia so he can get in her well-tailored skirt.",reaction,r/breakingbad,Ozymandias discussion - humorous deflating reaction to dark analysis
"Captain Cook living his personal hell.",reaction,r/breakingbad,Ozymandias discussion - brief emotional reaction to Jesse's fate
"Marie: Pain is weakness leaving your body. Hank: PAIN IS MY FOOT UP YOUR ASS MARIE",reaction,r/breakingbad,humorous reaction quoting characters - pure emotional register
"I have been trying to defend the show from book readers since season 1 but sorry I just can't defend how they adapted this. I don't even think the way they did it was all bad - Phia did a great job and the sawing sounds were truly haunting. But for a truly good piece of writing getting the details spoiled shouldn't matter if it was executed well and for me this time it did matter.",reaction,r/HouseOfTheDragon,Blood and Cheese megathread - edge case: more emotional than analytical - labeled reaction because personal disappointment drives it not argument
"I just didn't get the emotional impact I did from the book. And throwing in Alicent and Cole at the end just really ruined the whole thing.",reaction,r/HouseOfTheDragon,Blood and Cheese megathread - brief emotional verdict
